SeatMap,VerticalGridNumber,HorizontalGridNumber,ItemType,Seat Number,SeatLetter,CabinType,SellableSeatCategory,PermanentlyBlocked,Sellable,EliteZone,Bulkhead,Exit,LimitedRecline,MoveableArmrest,Aisle,Middle,Window,LeftAisle,LeftMiddle,LeftWindow,RightAisle,RightMiddle,RightWindow,CenterAisle,CenterMiddle,Under15YrsOld,PetInCabin,PrisonerGuard,DisabledPassenger,LapInfant
77W,1,1,LAV,,,,,,,,,,,,,,,,,,,,,,,,,,,
77W,1,2,AISLE,,,,,,,,,,,,,,,,,,,,,,,,,,,
77W,1,3,CLOSET,,,,,,,,,,,,,,,,,,,,,,,,,,,
77W,1,4,GALLEY,,,,,,,,,,,,,,,,,,,,,,,,,,,
77W,1,5,GALLEY,,,,,,,,,,,,,,,,,,,,,,,,,,,
77W,1,6,GALLEY,,,,,,,,,,,,,,,,,,,,,,,,,,,
77W,2,1,LAV,,,,,,,,,,,,,,,,,,,,,,,,,,,
77W,2,2,AISLE,,,,,,,,,,,,,,,,,,,,,,,,,,,
77W,2,3,GALLEY,,,,,,,,,,,,,,,,,,,,,,,,,,,
77W,2,4,GALLEY,,,,,,,,,,,,,,,,,,,,,,,,,,,
77W,2,5,AISLE,,,,,,,,X,,,,,,,,,,,,,,,,,,,
77W,2,6,GALLEY,,,,,,,,,,,,,,,,,,,,,,,,,,,
77W,3,1,EXIT,,,,,,,,,,,,,,,,,,,,,,,,,,,
77W,3,2,AISLE,,,,,,,,,,,,,,,,,,,,,,,,,,,
77W,3,3,GALLEY,,,,,,,,,,,,,,,,,,,,,,,,,,,
77W,3,4,GALLEY,,,,,,,,,,,,,,,,,,,,,,,,,,,
77W,3,5,AISLE,,,,,,,,,,,,,,,,,,,,,,,,,,,
77W,3,6,EXIT,,,,,,,,,,,,,,,,,,,,,,,,,,,
77W,1000,1,DAAFRONTR,1,A,F,,,,,,,,,,,X,,,X,,,,,,X,X,X,X,X
77W,1000,2,AISLE,,,F,,,,,,,,,,,,,,,,,,,,,,,,
77W,1000,3,DAAFRONTL,1,D,F,,,,,,,,,X,,,,,,,,,X,,X,X,X,X,X
77W,1000,4,DAAFRONTR,1,G,F,,,,,,,,,X,,,,,,,,,X,,X,X,X,X,X
77W,1000,5,AISLE,,,F,,,,,,,,,,,,,,,,,,,,,,,,
77W,1000,6,DAAFRONTL,1,L,F,,,,,,,,,,,X,,,,,,X,,,X,X,X,X,X
77W,1001,1,DAARIGHT,2,A,F,,,,,,,,,,,X,,,X,,,,,,X,X,X,X,X
77W,1001,2,AISLE,,,F,,,,,,,,,,,,,,,,,,,,,,,,
77W,1001,3,DAALEFT,2,D,F,,,,,,,,,X,,,,,,,,,X,,X,X,X,X,X
77W,1001,4,DAARIGHT,2,G,F,,,,,,,,,X,,,,,,,,,X,,X,X,X,X,X
77W,1001,5,AISLE,,,F,,,,,,,,,,,,,,,,,,,,,,,,
77W,1001,6,DAALEFT,2,L,F,,,,,,,,,,,X,,,,,,X,,,X,X,X,X,X
77W,1002,1,DAAFRONTR,3,A,F,,,,,,,,,,,X,,,X,,,,,,X,X,X,X,X
77W,1002,2,AISLE,,,F,,,,,,,,,,,,,,,,,,,,,,,,
77W,1002,3,DAAFRONTL,3,D,F,,,,,,,,,X,,,,,,,,,X,,X,X,X,X,X
77W,1002,4,DAAFRONTR,3,G,F,,,,,,,,,X,,,,,,,,,X,,X,X,X,X,X
77W,1002,5,AISLE,,,F,,,,,,,,,,,,,,,,,,,,,,,,
77W,1002,6,DAAFRONTL,3,L,F,,,,,,,,,,,X,,,,,,X,,,X,X,X,X,X
77W,1003,1,DAARIGHT,4,A,F,,,,,,,,,,,X,,,X,,,,,,X,X,X,X,X
77W,1003,2,AISLE,,,F,,,,,,,,,,,,,,,,,,,,,,,,
77W,1003,3,DAALEFT,4,D,F,,,,,,,,,X,,,,,,,,,X,,X,X,X,X,X
77W,1003,4,DAARIGHT,4,G,F,,,,,,,,,X,,,,,,,,,X,,X,X,X,X,X
77W,1003,5,AISLE,,,F,,,,,,,,,,,,,,,,,,,,,,,,
77W,1003,6,DAALEFT,4,L,F,,,,,,,,,,,X,,,,,,X,,,X,X,X,X,X
77W,1004,1,DAAFRONTR,5,A,F,,,,,,,,,,,X,,,X,,,,,,X,X,X,X,X
77W,1004,2,AISLE,,,F,,,,,,,,,,,,,,,,,,,,,,,,
77W,1004,3,DAAFRONTL,5,D,F,,,,,,,,,X,,,,,,,,,X,,X,X,X,X,X
77W,1004,4,DAAFRONTR,5,G,F,,,,,,,,,X,,,,,,,,,X,,X,X,X,X,X
77W,1004,5,AISLE,,,F,,,,,,,,,,,,,,,,,,,,,,,,
77W,1004,6,DAAFRONTL,5,L,F,,,,,,,,,,,X,,,,,,X,,,X,X,X,X,X
77W,1005,1,DAARIGHT,6,A,F,,,,,,,,,,,X,,,X,,,,,,X,X,X,X,X
77W,1005,2,AISLE,,,F,,,,,,,,,,,,,,,,,,,,,,,,
77W,1005,3,DAALEFT,6,D,F,,,,,,,,,X,,,,,,,,,X,,X,X,X,X,X
77W,1005,4,DAARIGHT,6,G,F,,,,,,,,,X,,,,,,,,,X,,X,X,X,X,X
77W,1005,5,AISLE,,,F,,,,,,,,,,,,,,,,,,,,,,,,
77W,1005,6,DAALEFT,6,L,F,,,,,,,,,,,X,,,,,,X,,,X,X,X,X,X
77W,1006,1,DAAFRONTR,7,A,F,,,,,,,,,,,X,,,X,,,,,,X,X,X,X,X
77W,1006,2,AISLE,,,F,,,,,,,,,,,,,,,,,,,,,,,,
77W,1006,3,GALLEY,,,F,,,,,,,,,,,,,,,,,,,,,,,,
77W,1006,4,GALLEY,,,F,,,,,,,,,,,,,,,,,,,,,,,,
77W,1006,5,AISLE,,,F,,,,,,,,,,,,,,,,,,,,,,,,
77W,1006,6,DAAFRONTL,7,L,F,,,,,,,,,,,X,,,,,,X,,,X,X,X,X,X
77W,1007,1,DAARIGHT,8,A,F,,,,,,,,,,,X,,,X,,,,,,X,X,X,X,X
77W,1007,2,AISLE,,,F,,,,,,,,,,,,,,,,,,,,,,,,
77W,1007,3,SPACER,,,F,,,,,,,,,,,,,,,,,,,,,,,,
77W,1007,4,SPACER,,,F,,,,,,,,,,,,,,,,,,,,,,,,
77W,1007,5,AISLE,,,F,,,,,,,,,,,,,,,,,,,,,,,,
77W,1007,6,DAALEFT,8,L,F,,,,,,,,,,,X,,,,,,X,,,X,X,X,X,X
77W,1008,1,EXIT,,,F,,,,,,,,,,,,,,,,,,,,,,,,
77W,1008,2,AISLE,,,F,,,,,,,,,,,,,,,,,,,,,,,,
77W,1008,3,EXIT,,,F,,,,,,,,,,,,,,,,,,,,,,,,
77W,1008,4,EXIT,,,F,,,,,,,,,,,,,,,,,,,,,,,,
77W,1008,5,AISLE,,,F,,,,,,,,,,,,,,,,,,,,,,,,
77W,1008,6,EXIT,,,F,,,,,,,,,,,,,,,,,,,,,,,,
77W,1009,1,A LAV,,,F,,,,,,,,,,,,,,,,,,,,,,,,
77W,1009,2,AISLE,,,F,,,,,,,,,,,,,,,,,,,,,,,,
77W,1009,3,GALLEY,,,F,,,,,,,,,,,,,,,,,,,,,,,,
77W,1009,4,GALLEY,,,F,,,,,,,,,,,,,,,,,,,,,,,,
77W,1009,5,AISLE,,,F,,,,,,,,,,,,,,,,,,,,,,,,
77W,1009,6,LAV,,,F,,,,,,,,,,,,,,,,,,,,,,,,
77W,1010,1,DAAFRONTR,9,A,F,,,,,,,,,,,X,,,X,,,,,,X,X,X,X,X
77W,1010,2,AISLE,,,F,,,,,,,,,,,,,,,,,,,,,,,,
77W,1010,3,DAAFRONTL,9,D,F,,,,,,,,,X,,,,,,,,,X,,X,X,X,X,X
77W,1010,4,DAAFRONTR,9,G,F,,,,,,,,,X,,,,,,,,,X,,X,X,X,X,X
77W,1010,5,AISLE,,,F,,,,,,,,,,,,,,,,,,,,,,,,
77W,1010,6,DAAFRONTL,9,L,F,,,,,,,,,,,X,,,,,,X,,,X,X,X,X,X
77W,1011,1,DAARIGHT,10,A,F,,,,,,,,,,,X,,,X,,,,,,X,X,X,X,X
77W,1011,2,AISLE,,,F,,,,,,,,,,,,,,,,,,,,,,,,
77W,1011,3,DAALEFT,10,D,F,,,,,,,,,X,,,,,,,,,X,,X,X,X,X,X
77W,1011,4,DAARIGHT,10,G,F,,,,,,,,,X,,,,,,,,,X,,X,X,X,X,X
77W,1011,5,AISLE,,,F,,,,,,,,,,,,,,,,,,,,,,,,
77W,1011,6,DAALEFT,10,L,F,,,,,,,,,,,X,,,,,,X,,,X,X,X,X,X
77W,1012,1,DAAFRONTR,11,A,F,,,,,,,,,,,X,,,X,,,,,,X,X,X,X,X
77W,1012,2,AISLE,,,F,,,,,,,,,,,,,,,,,,,,,,,,
77W,1012,3,DAAFRONTL,11,D,F,,,,,,,,,X,,,,,,,,,X,,X,X,X,X,X
77W,1012,4,DAAFRONTR,11,G,F,,,,,,,,,X,,,,,,,,,X,,X,X,X,X,X
77W,1012,5,AISLE,,,F,,,,,,,,,,,,,,,,,,,,,,,,
77W,1012,6,DAAFRONTL,11,L,F,,,,,,,,,,,X,,,,,,X,,,X,X,X,X,X
77W,1013,1,DAARIGHT,12,A,F,,,,,,,,,,,X,,,X,,,,,,X,X,X,X,X
77W,1013,2,AISLE,,,F,,,,,,,,,,,,,,,,,,,,,,,,
77W,1013,3,DAALEFT,12,D,F,,,,,,,,,X,,,,,,,,,X,,X,X,X,X,X
77W,1013,4,DAARIGHT,12,G,F,,,,,,,,,X,,,,,,,,,X,,X,X,X,X,X
77W,1013,5,AISLE,,,F,,,,,,,,,,,,,,,,,,,,,,,,
77W,1013,6,DAALEFT,12,L,F,,,,,,,,,,,X,,,,,,X,,,X,X,X,X,X
77W,1014,1,DISCARDED,,,F,,,,,,,,,,,,,,,,,,,,,,,,
77W,1014,2,DISCARDED,,,F,,,,,,,,,,,,,,,,,,,,,,,,
77W,1014,3,DISCARDED,,,F,,,,,,,,,,,,,,,,,,,,,,,,
77W,1014,4,DISCARDED,,,F,,,,,,,,,,,,,,,,,,,,,,,,
77W,1014,5,DISCARDED,,,F,,,,,,,,,,,,,,,,,,,,,,,,
77W,1014,6,DISCARDED,,,F,,,,,,,,,,,,,,,,,,,,,,,,
77W,1015,1,DISCARDED,,,F,,,,,,,,,,,,,,,,,,,,,,,,
77W,1015,2,DISCARDED,,,F,,,,,,,,,,,,,,,,,,,,,,,,
77W,1015,3,DISCARDED,,,F,,,,,,,,,,,,,,,,,,,,,,,,
77W,1015,4,DISCARDED,,,F,,,,,,,,,,,,,,,,,,,,,,,,
77W,1015,5,DISCARDED,,,F,,,,,,,,,,,,,,,,,,,,,,,,
77W,1015,6,DISCARDED,,,F,,,,,,,,,,,,,,,,,,,,,,,,
77W,1016,1,DAAFRONTR,15,A,F,,,,,,,,,,,X,,,X,,,,,,X,X,X,X,X
77W,1016,2,AISLE,,,F,,,,,,,,,,,,,,,,,,,,,,,,
77W,1016,3,DAAFRONTL,15,D,F,,,,,,,,,X,,,,,,,,,X,,X,X,X,X,X
77W,1016,4,DAAFRONTR,15,G,F,,,,,,,,,X,,,,,,,,,X,,X,X,X,X,X
77W,1016,5,AISLE,,,F,,,,,,,,,,,,,,,,,,,,,,,,
77W,1016,6,DAAFRONTL,15,L,F,,,,,,,,,,,X,,,,,,X,,,X,X,X,X,X
77W,1017,1,DAARIGHT,16,A,F,,,,,,,,,,,X,,,X,,,,,,X,X,X,X,X
77W,1017,2,AISLE,,,F,,,,,,,,,,,,,,,,,,,,,,,,
77W,1017,3,DAALEFT,16,D,F,,,,,,,,,X,,,,,,,,,X,,X,X,X,X,X
77W,1017,4,DAARIGHT,16,G,F,,,,,,,,,X,,,,,,,,,X,,X,X,X,X,X
77W,1017,5,AISLE,,,F,,,,,,,,,,,,,,,,,,,,,,,,
77W,1017,6,DAALEFT,16,L,F,,,,,,,,,,,X,,,,,,X,,,X,X,X,X,X
77W,1018,1,DAAFRONTR,17,A,F,,,,,,,,,,,X,,,X,,,,,,X,X,X,X,X
77W,1018,2,AISLE,,,F,,,,,,,,,,,,,,,,,,,,,,,,
77W,1018,3,DAAFRONTL,17,D,F,,,,,,,,,X,,,,,,,,,X,,X,X,X,X,X
77W,1018,4,DAAFRONTR,17,G,F,,,,,,,,,X,,,,,,,,,X,,X,X,X,X,X
77W,1018,5,AISLE,,,F,,,,,,,,,,,,,,,,,,,,,,,,
77W,1018,6,DAAFRONTL,17,L,F,,,,,,,,,,,X,,,,,,X,,,X,X,X,X,X
77W,1019,1,DAARIGHT,18,A,F,,,,,,,,,,,X,,,X,,,,,,X,X,X,X,X
77W,1019,2,AISLE,,,F,,,,,,,,,,,,,,,,,,,,,,,,
77W,1019,3,DAALEFT,18,D,F,,,,,,,,,X,,,,,,,,,X,,X,X,X,X,X
77W,1019,4,DAARIGHT,18,G,F,,,,,,,,,X,,,,,,,,,X,,X,X,X,X,X
77W,1019,5,AISLE,,,F,,,,,,,,,,,,,,,,,,,,,,,,
77W,1019,6,DAALEFT,18,L,F,,,,,,,,,,,X,,,,,,X,,,X,X,X,X,X
77W,1020,1,SEAT,19,A,Y,PrimeBulkhead,,X,,X,,,,,,X,,,X,,,,,,X,,X,X,X
77W,1020,2,SEAT,19,B,Y,PrimeBulkhead,,X,,X,,,,,X,,,X,,,,,,,X,,X,X,X
77W,1020,3,SEAT,19,C,Y,PrimeBulkhead,,X,,X,,,,X,,,X,,,,,,,,X,,X,X,X
77W,1020,4,AISLE,,,Y,,,,,,,,,,,,,,,,,,,,,,,,
77W,1020,5,SEAT,19,D,Y,PrimeBulkhead,X,X,,X,,,,X,,,,,,,,,X,,X,,X,X,X
77W,1020,6,SEAT,19,E,Y,PrimeBulkhead,X,X,,X,,,,,X,,,,,,,,,X,X,,X,X,X
77W,1020,7,SEAT,19,F,Y,PrimeBulkhead,,X,,X,,,,,X,,,,,,,,,X,X,,X,X,X
77W,1020,8,SEAT,19,G,Y,PrimeBulkhead,,X,,X,,,,X,,,,,,,,,X,,X,,X,X,X
77W,1020,9,AISLE,,,Y,,,,,,,,,,,,,,,,,,,,,,,,
77W,1020,10,SEAT,19,J,Y,PrimeBulkhead,,X,,X,,,,X,,,,,,X,,,,,X,,X,X,X
77W,1020,11,SEAT,19,K,Y,PrimeBulkhead,,X,,X,,,,,X,,,,,,X,,,,X,,X,X,X
77W,1020,12,SEAT,19,L,Y,PrimeBulkhead,,X,,X,,,,,,X,,,,,,X,,,X,,X,X,X
77W,1021,1,SEAT,20,A,Y,PrimePlus,,X,,,,,,,,X,,,X,,,,,,X,X,X,X,X
77W,1021,2,SEAT,20,B,Y,PrimePlus,,X,,,,,,,X,,,X,,,,,,,X,X,X,X,X
77W,1021,3,SEAT,20,C,Y,PrimePlus,,X,,,,,X,X,,,X,,,,,,,,X,X,X,X,X
77W,1021,4,AISLE,,,Y,,,,,,,,,,,,,,,,,,,,,,,,
77W,1021,5,SEAT,20,D,Y,PrimePlus,,X,,,,,X,X,,,,,,,,,X,,X,X,X,X,X
77W,1021,6,SEAT,20,E,Y,PrimePlus,,X,,,,,,,X,,,,,,,,,X,X,X,X,X,X
77W,1021,7,SEAT,20,F,Y,PrimePlus,,X,,,,,,,X,,,,,,,,,X,X,X,X,X,X
77W,1021,8,SEAT,20,G,Y,PrimePlus,,X,,,,,X,X,,,,,,,,,X,,X,X,X,X,X
77W,1021,9,AISLE,,,Y,,,,,,,,,,,,,,,,,,,,,,,,
77W,1021,10,SEAT,20,J,Y,PrimePlus,,X,,,,,X,X,,,,,,X,,,,,X,X,X,X,X
77W,1021,11,SEAT,20,K,Y,PrimePlus,,X,,,,,,,X,,,,,,X,,,,X,X,X,X,X
77W,1021,12,SEAT,20,L,Y,PrimePlus,,X,,,,,,,,X,,,,,,X,,,X,X,X,X,X
77W,1022,1,SEAT,21,A,Y,PrimePlus,,X,,,,,,,,X,,,X,,,,,,X,X,X,X,X
77W,1022,2,SEAT,21,B,Y,PrimePlus,,X,,,,,,,X,,,X,,,,,,,X,X,X,X,X
77W,1022,3,SEAT,21,C,Y,PrimePlus,,X,,,,,X,X,,,X,,,,,,,,X,X,X,X,X
77W,1022,4,AISLE,,,Y,,,,,,,,,,,,,,,,,,,,,,,,
77W,1022,5,SEAT,21,D,Y,PrimePlus,,X,,,,,X,X,,,,,,,,,X,,X,X,X,X,X
77W,1022,6,SEAT,21,E,Y,PrimePlus,,X,,,,,,,X,,,,,,,,,X,X,X,X,X,X
77W,1022,7,SEAT,21,F,Y,PrimePlus,,X,,,,,,,X,,,,,,,,,X,X,X,X,X,X
77W,1022,8,SEAT,21,G,Y,PrimePlus,,X,,,,,X,X,,,,,,,,,X,,X,X,X,X,X
77W,1022,9,AISLE,,,Y,,,,,,,,,,,,,,,,,,,,,,,,
77W,1022,10,SEAT,21,J,Y,PrimePlus,,X,,,,,X,X,,,,,,X,,,,,X,X,X,X,X
77W,1022,11,SEAT,21,K,Y,PrimePlus,,X,,,,,,,X,,,,,,X,,,,X,X,X,X,X
77W,1022,12,SEAT,21,L,Y,PrimePlus,,X,,,,,,,,X,,,,,,X,,,X,X,X,X,X
77W,1023,1,SEAT,22,A,Y,PrimePlus,,X,,,,,,,,X,,,X,,,,,,X,X,X,X,X
77W,1023,2,SEAT,22,B,Y,PrimePlus,,X,,,,,,,X,,,X,,,,,,,X,X,X,X,X
77W,1023,3,SEAT,22,C,Y,PrimePlus,,X,,,,,X,X,,,X,,,,,,,,X,X,X,X,X
77W,1023,4,AISLE,,,Y,,,,,,,,,,,,,,,,,,,,,,,,
77W,1023,5,SEAT,22,D,Y,PrimePlus,,X,,,,,X,X,,,,,,,,,X,,X,X,X,X,X
77W,1023,6,SEAT,22,E,Y,PrimePlus,,X,,,,,,,X,,,,,,,,,X,X,X,X,X,X
77W,1023,7,SEAT,22,F,Y,PrimePlus,,X,,,,,,,X,,,,,,,,,X,X,X,X,X,X
77W,1023,8,SEAT,22,G,Y,PrimePlus,,X,,,,,X,X,,,,,,,,,X,,X,X,X,X,X
77W,1023,9,AISLE,,,Y,,,,,,,,,,,,,,,,,,,,,,,,
77W,1023,10,SEAT,22,J,Y,PrimePlus,,X,,,,,X,X,,,,,,X,,,,,X,X,X,X,X
77W,1023,11,SEAT,22,K,Y,PrimePlus,,X,,,,,,,X,,,,,,X,,,,X,X,X,X,X
77W,1023,12,SEAT,22,L,Y,PrimePlus,,X,,,,,,,,X,,,,,,X,,,X,X,X,X,X
77W,1024,1,SPACER,,,Y,,,,,,,,,,,,,,,,,,,,,,,,
77W,1024,2,SPACER,,,Y,,,,,,,,,,,,,,,,,,,,,,,,
77W,1024,3,SPACER,,,Y,,,,,,,,,,,,,,,,,,,,,,,,
77W,1024,4,AISLE,,,Y,,,,,,,,,,,,,,,,,,,,,,,,
77W,1024,5,LAV,,,Y,,,,,,,,,,,,,,,,,,,,,,,,
77W,1024,6,LAV,,,Y,,,,,,,,,,,,,,,,,,,,,,,,
77W,1024,7,LAV,,,Y,,,,,,,,,,,,,,,,,,,,,,,,
77W,1024,8,LAV,,,Y,,,,,,,,,,,,,,,,,,,,,,,,
77W,1024,9,AISLE,,,Y,,,,,,,,,,,,,,,,,,,,,,,,
77W,1024,10,SPACER,,,Y,,,,,,,,,,,,,,,,,,,,,,,,
77W,1024,11,SPACER,,,Y,,,,,,,,,,,,,,,,,,,,,,,,
77W,1024,12,SPACER,,,Y,,,,,,,,,,,,,,,,,,,,,,,,
77W,1025,1,E SEAT,24,A,Y,PrimePlusExit,,X,,,X,,,,,X,,,X,,,,,,,,,,
77W,1025,2,E SEAT,24,B,Y,PrimePlusExit,,X,,,X,,,,X,,,X,,,,,,,,,,,
77W,1025,3,E SEAT,24,C,Y,PrimePlusExit,,X,,,X,,,X,,,X,,,,,,,,,,,,
77W,1025,4,AISLE,,,Y,,,,,,,,,,,,,,,,,,,,,,,,
77W,1025,5,SEAT,24,D,Y,PrimeBulkhead,,X,,X,,,,X,,,,,,,,,X,,X,,X,X,X
77W,1025,6,SEAT,24,E,Y,PrimeBulkhead,,X,,X,,,,,X,,,,,,,,,X,X,,X,X,X
77W,1025,7,SEAT,24,F,Y,PrimeBulkhead,,X,,X,,,,,X,,,,,,,,,X,X,,X,X,X
77W,1025,8,SEAT,24,G,Y,PrimeBulkhead,,X,,X,,,,X,,,,,,,,,X,,X,,X,X,X
77W,1025,9,AISLE,,,Y,,,,,,,,,,,,,,,,,,,,,,,,
77W,1025,10,E SEAT,24,J,Y,PrimePlusExit,,X,,,X,,,X,,,,,,X,,,,,,,,,
77W,1025,11,E SEAT,24,K,Y,PrimePlusExit,,X,,,X,,,,X,,,,,,X,,,,,,,,
77W,1025,12,E SEAT,24,L,Y,PrimePlusExit,,X,,,X,,,,,X,,,,,,X,,,,,,,
77W,1026,1,SEAT,25,A,Y,PrimePlus,,X,,,,,,,,X,,,X,,,,,,X,X,X,X,X
77W,1026,2,SEAT,25,B,Y,PrimePlus,,X,,,,,,,X,,,X,,,,,,,X,X,X,X,X
77W,1026,3,SEAT,25,C,Y,PrimePlus,,X,,,,,X,X,,,X,,,,,,,,X,X,X,X,X
77W,1026,4,AISLE,,,Y,,,,,,,,,,,,,,,,,,,,,,,,
77W,1026,5,SEAT,25,D,Y,PrimePlus,,X,,,,,X,X,,,,,,,,,X,,X,X,X,X,X
77W,1026,6,SEAT,25,E,Y,PrimePlus,,X,,,,,,,X,,,,,,,,,X,X,X,X,X,X
77W,1026,7,SEAT,25,F,Y,PrimePlus,,X,,,,,,,X,,,,,,,,,X,X,X,X,X,X
77W,1026,8,SEAT,25,G,Y,PrimePlus,,X,,,,,X,X,,,,,,,,,X,,X,X,X,X,X
77W,1026,9,AISLE,,,Y,,,,,,,,,,,,,,,,,,,,,,,,
77W,1026,10,SEAT,25,J,Y,PrimePlus,,X,,,,,X,X,,,,,,X,,,,,X,X,X,X,X
77W,1026,11,SEAT,25,K,Y,PrimePlus,,X,,,,,,,X,,,,,,X,,,,X,X,X,X,X
77W,1026,12,SEAT,25,L,Y,PrimePlus,,X,,,,,,,,X,,,,,,X,,,X,X,X,X,X
77W,1027,1,SEAT,26,A,Y,PrimePlus,,X,,,,,,,,X,,,X,,,,,,X,X,X,X,X
77W,1027,2,SEAT,26,B,Y,PrimePlus,,X,,,,,,,X,,,X,,,,,,,X,X,X,X,X
77W,1027,3,SEAT,26,C,Y,PrimePlus,,X,,,,,X,X,,,X,,,,,,,,X,X,X,X,X
77W,1027,4,AISLE,,,Y,,,,,,,,,,,,,,,,,,,,,,,,
77W,1027,5,SEAT,26,D,Y,PrimePlus,,X,,,,,X,X,,,,,,,,,X,,X,X,X,X,X
77W,1027,6,SEAT,26,E,Y,PrimePlus,,X,,,,,,,X,,,,,,,,,X,X,X,X,X,X
77W,1027,7,SEAT,26,F,Y,PrimePlus,,X,,,,,,,X,,,,,,,,,X,X,X,X,X,X
77W,1027,8,SEAT,26,G,Y,PrimePlus,,X,,,,,X,X,,,,,,,,,X,,X,X,X,X,X
77W,1027,9,AISLE,,,Y,,,,,,,,,,,,,,,,,,,,,,,,
77W,1027,10,SEAT,26,J,Y,PrimePlus,,X,,,,,X,X,,,,,,X,,,,,X,X,X,X,X
77W,1027,11,SEAT,26,K,Y,PrimePlus,,X,,,,,,,X,,,,,,X,,,,X,X,X,X,X
77W,1027,12,SEAT,26,L,Y,PrimePlus,,X,,,,,,,,X,,,,,,X,,,X,X,X,X,X
77W,1028,1,SEAT,27,A,Y,PrimePlus,,X,,,,,,,,X,,,X,,,,,,X,X,X,X,X
77W,1028,2,SEAT,27,B,Y,PrimePlus,,X,,,,,,,X,,,X,,,,,,,X,X,X,X,X
77W,1028,3,SEAT,27,C,Y,PrimePlus,,X,,,,,X,X,,,X,,,,,,,,X,X,X,X,X
77W,1028,4,AISLE,,,Y,,,,,,,,,,,,,,,,,,,,,,,,
77W,1028,5,SEAT,27,D,Y,PrimePlus,,X,,,,,X,X,,,,,,,,,X,,X,X,X,X,X
77W,1028,6,SEAT,27,E,Y,PrimePlus,,X,,,,,,,X,,,,,,,,,X,X,X,X,X,X
77W,1028,7,SEAT,27,F,Y,PrimePlus,,X,,,,,,,X,,,,,,,,,X,X,X,X,X,X
77W,1028,8,SEAT,27,G,Y,PrimePlus,,X,,,,,X,X,,,,,,,,,X,,X,X,X,X,X
77W,1028,9,AISLE,,,Y,,,,,,,,,,,,,,,,,,,,,,,,
77W,1028,10,SEAT,27,J,Y,PrimePlus,,X,,,,,X,X,,,,,,X,,,,,X,X,X,X,X
77W,1028,11,SEAT,27,K,Y,PrimePlus,,X,,,,,,,X,,,,,,X,,,,X,X,X,X,X
77W,1028,12,SEAT,27,L,Y,PrimePlus,,X,,,,,,,,X,,,,,,X,,,X,X,X,X,X
77W,1029,1,SEAT,28,A,Y,PrimePlus,,X,,,,,,,,X,,,X,,,,,,X,X,X,X,X
77W,1029,2,SEAT,28,B,Y,PrimePlus,,X,,,,,,,X,,,X,,,,,,,X,X,X,X,X
77W,1029,3,SEAT,28,C,Y,PrimePlus,,X,,,,,X,X,,,X,,,,,,,,X,X,X,X,X
77W,1029,4,AISLE,,,Y,,,,,,,,,,,,,,,,,,,,,,,,
77W,1029,5,SEAT,28,D,Y,StandardPrimePlus,,,,,,,X,X,,,,,,,,,X,,X,X,X,X,X
77W,1029,6,SEAT,28,E,Y,StandardPrimePlus,,,,,,,,,X,,,,,,,,,X,X,X,X,X,X
77W,1029,7,SEAT,28,F,Y,StandardPrimePlus,,,,,,,,,X,,,,,,,,,X,X,X,X,X,X
77W,1029,8,SEAT,28,G,Y,StandardPrimePlus,,,,,,,X,X,,,,,,,,,X,,X,X,X,X,X
77W,1029,9,AISLE,,,Y,,,,,,,,,,,,,,,,,,,,,,,,
77W,1029,10,SEAT,28,J,Y,PrimePlus,,X,,,,,X,X,,,,,,X,,,,,X,X,X,X,X
77W,1029,11,SEAT,28,K,Y,PrimePlus,,X,,,,,,,X,,,,,,X,,,,X,X,X,X,X
77W,1029,12,SEAT,28,L,Y,PrimePlus,,X,,,,,,,,X,,,,,,X,,,X,X,X,X,X
77W,1030,1,SEAT,29,A,Y,PrimePlus,,X,,,,,,,,X,,,X,,,,,,X,X,X,X,X
77W,1030,2,SEAT,29,B,Y,PrimePlus,,X,,,,,,,X,,,X,,,,,,,X,X,X,X,X
77W,1030,3,SEAT,29,C,Y,PrimePlus,,X,,,,,X,X,,,X,,,,,,,,X,X,X,X,X
77W,1030,4,AISLE,,,Y,,,,,,,,,,,,,,,,,,,,,,,,
77W,1030,5,SEAT,29,D,Y,StandardPrimePlus,,,,,,,X,X,,,,,,,,,X,,X,X,X,X,X
77W,1030,6,SEAT,29,E,Y,StandardPrimePlus,,,,,,,,,X,,,,,,,,,X,X,X,X,X,X
77W,1030,7,SEAT,29,F,Y,StandardPrimePlus,,,,,,,,,X,,,,,,,,,X,X,X,X,X,X
77W,1030,8,SEAT,29,G,Y,StandardPrimePlus,,,,,,,X,X,,,,,,,,,X,,X,X,X,X,X
77W,1030,9,AISLE,,,Y,,,,,,,,,,,,,,,,,,,,,,,,
77W,1030,10,SEAT,29,J,Y,PrimePlus,,X,,,,,X,X,,,,,,X,,,,,X,X,X,X,X
77W,1030,11,SEAT,29,K,Y,PrimePlus,,X,,,,,,,X,,,,,,X,,,,X,X,X,X,X
77W,1030,12,SEAT,29,L,Y,PrimePlus,,X,,,,,,,,X,,,,,,X,,,X,X,X,X,X
77W,1031,1,SEAT,30,A,Y,StandardPrimePlus,,,,,,,,,,X,,,X,,,,,,X,X,X,X,X
77W,1031,2,SEAT,30,B,Y,StandardPrimePlus,,,,,,,,,X,,,X,,,,,,,X,X,X,X,X
77W,1031,3,SEAT,30,C,Y,StandardPrimePlus,,,,,,,X,X,,,X,,,,,,,,X,X,X,X,X
77W,1031,4,AISLE,,,Y,,,,,,,,,,,,,,,,,,,,,,,,
77W,1031,5,SEAT,30,D,Y,StandardPrimePlus,,,,,,,X,X,,,,,,,,,X,,X,X,X,X,X
77W,1031,6,SEAT,30,E,Y,StandardPrimePlus,,,,,,,,,X,,,,,,,,,X,X,X,X,X,X
77W,1031,7,SEAT,30,F,Y,StandardPrimePlus,,,,,,,,,X,,,,,,,,,X,X,X,X,X,X
77W,1031,8,SEAT,30,G,Y,StandardPrimePlus,,,,,,,X,X,,,,,,,,,X,,X,X,X,X,X
77W,1031,9,AISLE,,,Y,,,,,,,,,,,,,,,,,,,,,,,,
77W,1031,10,SEAT,30,J,Y,StandardPrimePlus,,,,,,,X,X,,,,,,X,,,,,X,X,X,X,X
77W,1031,11,SEAT,30,K,Y,StandardPrimePlus,,,,,,,,,X,,,,,,X,,,,X,X,X,X,X
77W,1031,12,SEAT,30,L,Y,StandardPrimePlus,,,,,,,,,,X,,,,,,X,,,X,X,X,X,X
77W,1032,1,SEAT,31,A,Y,StandardPrimePlus,,,,,,,,,,X,,,X,,,,,,X,X,X,X,X
77W,1032,2,SEAT,31,B,Y,StandardPrimePlus,,,,,,,,,X,,,X,,,,,,,X,X,X,X,X
77W,1032,3,SEAT,31,C,Y,StandardPrimePlus,,,,,,,X,X,,,X,,,,,,,,X,X,X,X,X
77W,1032,4,AISLE,,,Y,,,,,,,,,,,,,,,,,,,,,,,,
77W,1032,5,SEAT,31,D,Y,StandardPrimePlus,,,,,,,X,X,,,,,,,,,X,,X,X,X,X,X
77W,1032,6,SEAT,31,E,Y,StandardPrimePlus,,,,,,,,,X,,,,,,,,,X,X,X,X,X,X
77W,1032,7,SEAT,31,F,Y,StandardPrimePlus,,,,,,,,,X,,,,,,,,,X,X,X,X,X,X
77W,1032,8,SEAT,31,G,Y,StandardPrimePlus,,,,,,,X,X,,,,,,,,,X,,X,X,X,X,X
77W,1032,9,AISLE,,,Y,,,,,,,,,,,,,,,,,,,,,,,,
77W,1032,10,SEAT,31,J,Y,StandardPrimePlus,,,,,,,X,X,,,,,,X,,,,,X,X,X,X,X
77W,1032,11,SEAT,31,K,Y,StandardPrimePlus,,,,,,,,,X,,,,,,X,,,,X,X,X,X,X
77W,1032,12,SEAT,31,L,Y,StandardPrimePlus,,,,,,,,,,X,,,,,,X,,,X,X,X,X,X
77W,1033,1,SEAT,32,A,Y,StandardPrimePlus,,,,,,,,,,X,,,X,,,,,,X,X,X,X,X
77W,1033,2,SEAT,32,B,Y,StandardPrimePlus,,,,,,,,,X,,,X,,,,,,,X,X,X,X,X
77W,1033,3,SEAT,32,C,Y,StandardPrimePlus,,,,,,,X,X,,,X,,,,,,,,X,X,X,X,X
77W,1033,4,AISLE,,,Y,,,,,,,,,,,,,,,,,,,,,,,,
77W,1033,5,SEAT,32,D,Y,StandardPrimePlus,,,,,,,X,X,,,,,,,,,X,,X,X,X,X,X
77W,1033,6,SEAT,32,E,Y,StandardPrimePlus,,,,,,,,,X,,,,,,,,,X,X,X,X,X,X
77W,1033,7,SEAT,32,F,Y,StandardPrimePlus,,,,,,,,,X,,,,,,,,,X,X,X,X,X,X
77W,1033,8,SEAT,32,G,Y,StandardPrimePlus,,,,,,,X,X,,,,,,,,,X,,X,X,X,X,X
77W,1033,9,AISLE,,,Y,,,,,,,,,,,,,,,,,,,,,,,,
77W,1033,10,SEAT,32,J,Y,StandardPrimePlus,,,,,,,X,X,,,,,,X,,,,,X,X,X,X,X
77W,1033,11,SEAT,32,K,Y,StandardPrimePlus,,,,,,,,,X,,,,,,X,,,,X,X,X,X,X
77W,1033,12,SEAT,32,L,Y,StandardPrimePlus,,,,,,,,,,X,,,,,,X,,,X,X,X,X,X
77W,1034,1,SEAT,33,A,Y,StandardPrimePlus,,,,,,,,,,X,,,X,,,,,,X,X,X,X,X
77W,1034,2,SEAT,33,B,Y,StandardPrimePlus,,,,,,,,,X,,,X,,,,,,,X,X,X,X,X
77W,1034,3,SEAT,33,C,Y,StandardPrimePlus,,,,,,,X,X,,,X,,,,,,,,X,X,X,X,X
77W,1034,4,AISLE,,,Y,,,,,,,,,,,,,,,,,,,,,,,,
77W,1034,5,SEAT,33,D,Y,StandardPrimePlus,,,,,,,X,X,,,,,,,,,X,,X,X,X,X,X
77W,1034,6,SEAT,33,E,Y,StandardPrimePlus,,,,,,,,,X,,,,,,,,,X,X,X,X,X,X
77W,1034,7,SEAT,33,F,Y,StandardPrimePlus,,,,,,,,,X,,,,,,,,,X,X,X,X,X,X
77W,1034,8,SEAT,33,G,Y,StandardPrimePlus,,,,,,,X,X,,,,,,,,,X,,X,X,X,X,X
77W,1034,9,AISLE,,,Y,,,,,,,,,,,,,,,,,,,,,,,,
77W,1034,10,SEAT,33,J,Y,StandardPrimePlus,,,,,,,X,X,,,,,,X,,,,,X,X,X,X,X
77W,1034,11,SEAT,33,K,Y,StandardPrimePlus,,,,,,,,,X,,,,,,X,,,,X,X,X,X,X
77W,1034,12,SEAT,33,L,Y,StandardPrimePlus,,,,,,,,,,X,,,,,,X,,,X,X,X,X,X
77W,1035,1,SEAT,34,A,Y,StandardPrimePlus,,,,,,,,,,X,,,X,,,,,,X,X,X,X,X
77W,1035,2,SEAT,34,B,Y,StandardPrimePlus,,,,,,,,,X,,,X,,,,,,,X,X,X,X,X
77W,1035,3,SEAT,34,C,Y,StandardPrimePlus,,,,,,,X,X,,,X,,,,,,,,X,X,X,X,X
77W,1035,4,AISLE,,,Y,,,,,,,,,,,,,,,,,,,,,,,,
77W,1035,5,SEAT,34,D,Y,StandardPrimePlus,,,,,,,X,X,,,,,,,,,X,,X,X,X,X,X
77W,1035,6,SEAT,34,E,Y,StandardPrimePlus,,,,,,,,,X,,,,,,,,,X,X,X,X,X,X
77W,1035,7,SEAT,34,F,Y,StandardPrimePlus,,,,,,,,,X,,,,,,,,,X,X,X,X,X,X
77W,1035,8,SEAT,34,G,Y,StandardPrimePlus,,,,,,,X,X,,,,,,,,,X,,X,X,X,X,X
77W,1035,9,AISLE,,,Y,,,,,,,,,,,,,,,,,,,,,,,,
77W,1035,10,SEAT,34,J,Y,StandardPrimePlus,,,,,,,X,X,,,,,,X,,,,,X,X,X,X,X
77W,1035,11,SEAT,34,K,Y,StandardPrimePlus,,,,,,,,,X,,,,,,X,,,,X,X,X,X,X
77W,1035,12,SEAT,34,L,Y,StandardPrimePlus,,,,,,,,,,X,,,,,,X,,,X,X,X,X,X
77W,1036,1,SEAT,35,A,Y,StandardPrimePlus,,,,,,,,,,X,,,X,,,,,,X,X,X,X,X
77W,1036,2,SEAT,35,B,Y,StandardPrimePlus,,,,,,,,,X,,,X,,,,,,,X,X,X,X,X
77W,1036,3,SEAT,35,C,Y,StandardPrimePlus,,,,,,,X,X,,,X,,,,,,,,X,X,X,X,X
77W,1036,4,AISLE,,,Y,,,,,,,,,,,,,,,,,,,,,,,,
77W,1036,5,SEAT,35,D,Y,StandardPrimePlus,,,,,,,X,X,,,,,,,,,X,,X,X,X,X,X
77W,1036,6,SEAT,35,E,Y,StandardPrimePlus,,,,,,,,,X,,,,,,,,,X,X,X,X,X,X
77W,1036,7,SEAT,35,F,Y,StandardPrimePlus,,,,,,,,,X,,,,,,,,,X,X,X,X,X,X
77W,1036,8,SEAT,35,G,Y,StandardPrimePlus,,,,,,,X,X,,,,,,,,,X,,X,X,X,X,X
77W,1036,9,AISLE,,,Y,,,,,,,,,,,,,,,,,,,,,,,,
77W,1036,10,SEAT,35,J,Y,StandardPrimePlus,,,,,,,X,X,,,,,,X,,,,,X,X,X,X,X
77W,1036,11,SEAT,35,K,Y,StandardPrimePlus,,,,,,,,,X,,,,,,X,,,,X,X,X,X,X
77W,1036,12,SEAT,35,L,Y,StandardPrimePlus,,,,,,,,,,X,,,,,,X,,,X,X,X,X,X
77W,1037,1,SEAT,36,A,Y,StandardPrimePlus,,,,,,,,,,X,,,X,,,,,,X,X,X,X,X
77W,1037,2,SEAT,36,B,Y,StandardPrimePlus,,,,,,,,,X,,,X,,,,,,,X,X,X,X,X
77W,1037,3,SEAT,36,C,Y,StandardPrimePlus,,,,,,,X,X,,,X,,,,,,,,X,X,X,X,X
77W,1037,4,AISLE,,,Y,,,,,,,,,,,,,,,,,,,,,,,,
77W,1037,5,SEAT,36,D,Y,StandardPrimePlus,,,,,,,X,X,,,,,,,,,X,,X,X,X,X,X
77W,1037,6,SEAT,36,E,Y,StandardPrimePlus,,,,,,,,,X,,,,,,,,,X,X,X,X,X,X
77W,1037,7,SEAT,36,F,Y,StandardPrimePlus,,,,,,,,,X,,,,,,,,,X,X,X,X,X,X
77W,1037,8,SEAT,36,G,Y,StandardPrimePlus,,,,,,,X,X,,,,,,,,,X,,X,X,X,X,X
77W,1037,9,AISLE,,,Y,,,,,,,,,,,,,,,,,,,,,,,,
77W,1037,10,SEAT,36,J,Y,StandardPrimePlus,,,,,,,X,X,,,,,,X,,,,,X,X,X,X,X
77W,1037,11,SEAT,36,K,Y,StandardPrimePlus,,,,,,,,,X,,,,,,X,,,,X,X,X,X,X
77W,1037,12,SEAT,36,L,Y,StandardPrimePlus,,,,,,,,,,X,,,,,,X,,,X,X,X,X,X
77W,1038,1,SEAT,37,A,Y,StandardPrimePlus,,,,,,,,,,X,,,X,,,,,,X,X,X,X,X
77W,1038,2,SEAT,37,B,Y,StandardPrimePlus,,,,,,,,,X,,,X,,,,,,,X,X,X,X,X
77W,1038,3,SEAT,37,C,Y,StandardPrimePlus,,,,,,,X,X,,,X,,,,,,,,X,X,X,X,X
77W,1038,4,AISLE,,,Y,,,,,,,,,,,,,,,,,,,,,,,,
77W,1038,5,SEAT,37,D,Y,StandardPrimePlus,,,,,,,X,X,,,,,,,,,X,,X,X,X,X,X
77W,1038,6,SEAT,37,E,Y,StandardPrimePlus,,,,,,,,,X,,,,,,,,,X,X,X,X,X,X
77W,1038,7,SEAT,37,F,Y,StandardPrimePlus,,,,,,,,,X,,,,,,,,,X,X,X,X,X,X
77W,1038,8,SEAT,37,G,Y,StandardPrimePlus,,,,,,,X,X,,,,,,,,,X,,X,X,X,X,X
77W,1038,9,AISLE,,,Y,,,,,,,,,,,,,,,,,,,,,,,,
77W,1038,10,SEAT,37,J,Y,StandardPrimePlus,,,,,,,X,X,,,,,,X,,,,,X,X,X,X,X
77W,1038,11,SEAT,37,K,Y,StandardPrimePlus,,,,,,,,,X,,,,,,X,,,,X,X,X,X,X
77W,1038,12,SEAT,37,L,Y,StandardPrimePlus,,,,,,,,,,X,,,,,,X,,,X,X,X,X,X
77W,1039,1,LAV,,,Y,,,,,,,,,,,,,,,,,,,,,,,,
77W,1039,2,LAV,,,Y,,,,,,,,,,,,,,,,,,,,,,,,
77W,1039,3,LAV,,,Y,,,,,,,,,,,,,,,,,,,,,,,,
77W,1039,4,AISLE,,,Y,,,,,,,,,,,,,,,,,,,,,,,,
77W,1039,5,GALLEY,,,Y,,,,,,,,,,,,,,,,,,,,,,,,
77W,1039,6,GALLEY,,,Y,,,,,,,,,,,,,,,,,,,,,,,,
77W,1039,7,GALLEY,,,Y,,,,,,,,,,,,,,,,,,,,,,,,
77W,1039,8,GALLEY,,,Y,,,,,,,,,,,,,,,,,,,,,,,,
77W,1039,9,AISLE,,,Y,,,,,,,,,,,,,,,,,,,,,,,,
77W,1039,10,LAV,,,Y,,,,,,,,,,,,,,,,,,,,,,,,
77W,1039,11,LAV,,,Y,,,,,,,,,,,,,,,,,,,,,,,,
77W,1039,12,LAV,,,Y,,,,,,,,,,,,,,,,,,,,,,,,
77W,1040,1,E SEAT,39,A,Y,PrimePlusExit,,X,,,X,,,,,X,,,X,,,,,,,,,,
77W,1040,2,E SEAT,39,B,Y,PrimePlusExit,,X,,,X,,,,X,,,X,,,,,,,,,,,
77W,1040,3,E SEAT,39,C,Y,PrimePlusExit,,X,,,X,,,X,,,X,,,,,,,,,,,,
77W,1040,4,AISLE,,,Y,,,,,,,,,,,,,,,,,,,,,,,,
77W,1040,5,GALLEY,,,Y,,,,,,,,,,,,,,,,,,,,,,,,
77W,1040,6,GALLEY,,,Y,,,,,,,,,,,,,,,,,,,,,,,,
77W,1040,7,GALLEY,,,Y,,,,,,,,,,,,,,,,,,,,,,,,
77W,1040,8,GALLEY,,,Y,,,,,,,,,,,,,,,,,,,,,,,,
77W,1040,9,AISLE,,,Y,,,,,,,,,,,,,,,,,,,,,,,,
77W,1040,10,E SEAT,39,J,Y,PrimePlusExit,,X,,,X,,,X,,,,,,X,,,,,,,,,
77W,1040,11,E SEAT,39,K,Y,PrimePlusExit,,X,,,X,,,,X,,,,,,X,,,,,,,,
77W,1040,12,E SEAT,39,L,Y,PrimePlusExit,,X,,,X,,,,,X,,,,,,X,,,,,,,
77W,1041,1,SEAT,40,A,Y,StandardPrimePlus,,,,,,,,,,X,,,X,,,,,,X,X,X,X,X
77W,1041,2,SEAT,40,B,Y,StandardPrimePlus,,,,,,,,,X,,,X,,,,,,,X,X,X,X,X
77W,1041,3,SEAT,40,C,Y,StandardPrimePlus,,,,,,,,X,,,X,,,,,,,,X,X,X,X,X
77W,1041,4,AISLE,,,Y,,,,,,,,,,,,,,,,,,,,,,,,
77W,1041,5,SEAT,40,D,Y,PrimeBulkhead,,X,,X,,,,X,,,,,,,,,X,,X,,X,X,X
77W,1041,6,SEAT,40,E,Y,PrimeBulkhead,,X,,X,,,,,X,,,,,,,,,X,X,,X,X,X
77W,1041,7,SEAT,40,F,Y,PrimeBulkhead,,X,,X,,,,,X,,,,,,,,,X,X,,X,X,X
77W,1041,8,SEAT,40,G,Y,PrimeBulkhead,,X,,X,,,,X,,,,,,,,,X,,X,,X,X,X
77W,1041,9,AISLE,,,Y,,,,,,,,,,,,,,,,,,,,,,,,
77W,1041,10,SEAT,40,J,Y,StandardPrimePlus,,,,,,,,X,,,,,,X,,,,,X,X,X,X,X
77W,1041,11,SEAT,40,K,Y,StandardPrimePlus,,,,,,,,,X,,,,,,X,,,,X,X,X,X,X
77W,1041,12,SEAT,40,L,Y,StandardPrimePlus,,,,,,,,,,X,,,,,,X,,,X,X,X,X,X
77W,1042,1,SEAT,41,A,Y,StandardPrimePlus,,,,,,,,,,X,,,X,,,,,,X,X,X,X,X
77W,1042,2,SEAT,41,B,Y,StandardPrimePlus,,,,,,,,,X,,,X,,,,,,,X,X,X,X,X
77W,1042,3,SEAT,41,C,Y,StandardPrimePlus,,,,,,,X,X,,,X,,,,,,,,X,X,X,X,X
77W,1042,4,AISLE,,,Y,,,,,,,,,,,,,,,,,,,,,,,,
77W,1042,5,SEAT,41,D,Y,StandardPrimePlus,,,,,,,X,X,,,,,,,,,X,,X,X,X,X,X
77W,1042,6,SEAT,41,E,Y,StandardPrimePlus,,,,,,,,,X,,,,,,,,,X,X,X,X,X,X
77W,1042,7,SEAT,41,F,Y,StandardPrimePlus,,,,,,,,,X,,,,,,,,,X,X,X,X,X,X
77W,1042,8,SEAT,41,G,Y,StandardPrimePlus,,,,,,,X,X,,,,,,,,,X,,X,X,X,X,X
77W,1042,9,AISLE,,,Y,,,,,,,,,,,,,,,,,,,,,,,,
77W,1042,10,SEAT,41,J,Y,StandardPrimePlus,,,,,,,X,X,,,,,,X,,,,,X,X,X,X,X
77W,1042,11,SEAT,41,K,Y,,X,,,,,,,,X,,,,,,X,,,,X,X,X,X,X
77W,1042,12,SEAT,41,L,Y,,X,,,,,,,,,X,,,,,,X,,,X,X,X,X,X
77W,1043,1,SEAT,42,A,Y,StandardPrimePlus,,,,,,,,,,X,,,X,,,,,,X,X,X,X,X
77W,1043,2,SEAT,42,B,Y,StandardPrimePlus,,,,,,,,,X,,,X,,,,,,,X,X,X,X,X
77W,1043,3,SEAT,42,C,Y,StandardPrimePlus,,,,,,,X,X,,,X,,,,,,,,X,X,X,X,X
77W,1043,4,AISLE,,,Y,,,,,,,,,,,,,,,,,,,,,,,,
77W,1043,5,SEAT,42,D,Y,StandardPrimePlus,,,,,,,X,X,,,,,,,,,X,,X,X,X,X,X
77W,1043,6,SEAT,42,E,Y,StandardPrimePlus,,,,,,,,,X,,,,,,,,,X,X,X,X,X,X
77W,1043,7,SEAT,42,F,Y,StandardPrimePlus,,,,,,,,,X,,,,,,,,,X,X,X,X,X,X
77W,1043,8,SEAT,42,G,Y,StandardPrimePlus,,,,,,,X,X,,,,,,,,,X,,X,X,X,X,X
77W,1043,9,AISLE,,,Y,,,,,,,,,,,,,,,,,,,,,,,,
77W,1043,10,SEAT,42,J,Y,StandardPrimePlus,,,,,,,X,X,,,,,,X,,,,,X,X,X,X,X
77W,1043,11,SEAT,42,K,Y,StandardPrimePlus,,,,,,,,,X,,,,,,X,,,,X,X,X,X,X
77W,1043,12,SEAT,42,L,Y,StandardPrimePlus,,,,,,,,,,X,,,,,,X,,,X,X,X,X,X
77W,1044,1,SEAT,43,A,Y,,X,,,,,,,,,X,,,X,,,,,,X,X,X,X,X
77W,1044,2,SEAT,43,B,Y,,X,,,,,,,,X,,,X,,,,,,,X,X,X,X,X
77W,1044,3,SEAT,43,C,Y,,X,,,,,,X,X,,,X,,,,,,,,X,X,X,X,X
77W,1044,4,AISLE,,,Y,,,,,,,,,,,,,,,,,,,,,,,,
77W,1044,5,SEAT,43,D,Y,,X,,,,,,X,X,,,,,,,,,X,,X,X,X,X,X
77W,1044,6,SEAT,43,E,Y,,X,,,,,,,,X,,,,,,,,,X,X,X,X,X,X
77W,1044,7,SEAT,43,F,Y,StandardPrimePlus,,,,,,,,,X,,,,,,,,,X,X,X,X,X,X
77W,1044,8,SEAT,43,G,Y,StandardPrimePlus,,,,,,,X,X,,,,,,,,,X,,X,X,X,X,X
77W,1044,9,AISLE,,,Y,,,,,,,,,,,,,,,,,,,,,,,,
77W,1044,10,SEAT,43,J,Y,StandardPrimePlus,,,,,,,X,X,,,,,,X,,,,,X,X,X,X,X
77W,1044,11,SEAT,43,K,Y,StandardPrimePlus,,,,,,,,,X,,,,,,X,,,,X,X,X,X,X
77W,1044,12,SEAT,43,L,Y,StandardPrimePlus,,,,,,,,,,X,,,,,,X,,,X,X,X,X,X
77W,1045,1,SEAT,44,A,Y,StandardPrimePlus,,,,,,,,,,X,,,X,,,,,,X,X,X,X,X
77W,1045,2,SEAT,44,B,Y,StandardPrimePlus,,,,,,,,,X,,,X,,,,,,,X,X,X,X,X
77W,1045,3,SEAT,44,C,Y,StandardPrimePlus,,,,,,,X,X,,,X,,,,,,,,X,X,X,X,X
77W,1045,4,AISLE,,,Y,,,,,,,,,,,,,,,,,,,,,,,,
77W,1045,5,SEAT,44,D,Y,StandardPrimePlus,,,,,,,X,X,,,,,,,,,X,,X,X,X,X,X
77W,1045,6,SEAT,44,E,Y,StandardPrimePlus,,,,,,,,,X,,,,,,,,,X,X,X,X,X,X
77W,1045,7,SEAT,44,F,Y,StandardPrimePlus,,,,,,,,,X,,,,,,,,,X,X,X,X,X,X
77W,1045,8,SEAT,44,G,Y,StandardPrimePlus,,,,,,,X,X,,,,,,,,,X,,X,X,X,X,X
77W,1045,9,AISLE,,,Y,,,,,,,,,,,,,,,,,,,,,,,,
77W,1045,10,SEAT,44,J,Y,StandardPrimePlus,,,,,,,X,X,,,,,,X,,,,,X,X,X,X,X
77W,1045,11,SEAT,44,K,Y,StandardPrimePlus,,,,,,,,,X,,,,,,X,,,,X,X,X,X,X
77W,1045,12,SEAT,44,L,Y,StandardPrimePlus,,,,,,,,,,X,,,,,,X,,,X,X,X,X,X
77W,1046,1,SEAT,45,A,Y,StandardPrimePlus,,,,,,,,,,X,,,X,,,,,,X,X,X,X,X
77W,1046,2,SEAT,45,B,Y,StandardPrimePlus,,,,,,,,,X,,,X,,,,,,,X,X,X,X,X
77W,1046,3,SEAT,45,C,Y,StandardPrimePlus,,,,,,,X,X,,,X,,,,,,,,X,X,X,X,X
77W,1046,4,AISLE,,,Y,,,,,,,,,,,,,,,,,,,,,,,,
77W,1046,5,SEAT,45,D,Y,StandardPrimePlus,,,,,,,X,X,,,,,,,,,X,,X,X,X,X,X
77W,1046,6,SEAT,45,E,Y,StandardPrimePlus,,,,,,,,,X,,,,,,,,,X,X,X,X,X,X
77W,1046,7,SEAT,45,F,Y,StandardPrimePlus,,,,,,,,,X,,,,,,,,,X,X,X,X,X,X
77W,1046,8,SEAT,45,G,Y,StandardPrimePlus,,,,,,,X,X,,,,,,,,,X,,X,X,X,X,X
77W,1046,9,AISLE,,,Y,,,,,,,,,,,,,,,,,,,,,,,,
77W,1046,10,SEAT,45,J,Y,StandardPrimePlus,,,,,,,X,X,,,,,,X,,,,,X,X,X,X,X
77W,1046,11,SEAT,45,K,Y,StandardPrimePlus,,,,,,,,,X,,,,,,X,,,,X,X,X,X,X
77W,1046,12,SEAT,45,L,Y,StandardPrimePlus,,,,,,,,,,X,,,,,,X,,,X,X,X,X,X
77W,1047,1,SEAT,46,A,Y,StandardPrimePlus,,,,,,,,,,X,,,X,,,,,,X,X,X,X,X
77W,1047,2,SEAT,46,B,Y,StandardPrimePlus,,,,,,,,,X,,,X,,,,,,,X,X,X,X,X
77W,1047,3,SEAT,46,C,Y,StandardPrimePlus,,,,,,,X,X,,,X,,,,,,,,X,X,X,X,X
77W,1047,4,AISLE,,,Y,,,,,,,,,,,,,,,,,,,,,,,,
77W,1047,5,SEAT,46,D,Y,StandardPrimePlus,,,,,,,X,X,,,,,,,,,X,,X,X,X,X,X
77W,1047,6,SEAT,46,E,Y,StandardPrimePlus,,,,,,,,,X,,,,,,,,,X,X,X,X,X,X
77W,1047,7,SEAT,46,F,Y,StandardPrimePlus,,,,,,,,,X,,,,,,,,,X,X,X,X,X,X
77W,1047,8,SEAT,46,G,Y,StandardPrimePlus,,,,,,,X,X,,,,,,,,,X,,X,X,X,X,X
77W,1047,9,AISLE,,,Y,,,,,,,,,,,,,,,,,,,,,,,,
77W,1047,10,SEAT,46,J,Y,StandardPrimePlus,,,,,,,X,X,,,,,,X,,,,,X,X,X,X,X
77W,1047,11,SEAT,46,K,Y,StandardPrimePlus,,,,,,,,,X,,,,,,X,,,,X,X,X,X,X
77W,1047,12,SEAT,46,L,Y,StandardPrimePlus,,,,,,,,,,X,,,,,,X,,,X,X,X,X,X
77W,1048,1,SEAT,47,A,Y,StandardPrimePlus,,,,,,,,,,X,,,X,,,,,,X,X,X,X,X
77W,1048,2,SEAT,47,B,Y,StandardPrimePlus,,,,,,,,,X,,,X,,,,,,,X,X,X,X,X
77W,1048,3,SEAT,47,C,Y,StandardPrimePlus,,,,,,,X,X,,,X,,,,,,,,X,X,X,X,X
77W,1048,4,AISLE,,,Y,,,,,,,,,,,,,,,,,,,,,,,,
77W,1048,5,SEAT,47,D,Y,StandardPrimePlus,,,,,,,X,X,,,,,,,,,X,,X,X,X,X,X
77W,1048,6,SEAT,47,E,Y,StandardPrimePlus,,,,,,,,,X,,,,,,,,,X,X,X,X,X,X
77W,1048,7,SEAT,47,F,Y,StandardPrimePlus,,,,,,,,,X,,,,,,,,,X,X,X,X,X,X
77W,1048,8,SEAT,47,G,Y,StandardPrimePlus,,,,,,,X,X,,,,,,,,,X,,X,X,X,X,X
77W,1048,9,AISLE,,,Y,,,,,,,,,,,,,,,,,,,,,,,,
77W,1048,10,SEAT,47,J,Y,StandardPrimePlus,,,,,,,X,X,,,,,,X,,,,,X,X,X,X,X
77W,1048,11,SEAT,47,K,Y,StandardPrimePlus,,,,,,,,,X,,,,,,X,,,,X,X,X,X,X
77W,1048,12,SEAT,47,L,Y,StandardPrimePlus,,,,,,,,,,X,,,,,,X,,,X,X,X,X,X
77W,1049,1,SEAT,48,A,Y,StandardPrimePlus,,,,,,,,,,X,,,X,,,,,,X,X,X,X,X
77W,1049,2,SEAT,48,B,Y,StandardPrimePlus,,,,,,,,,X,,,X,,,,,,,X,X,X,X,X
77W,1049,3,SEAT,48,C,Y,StandardPrimePlus,,,,,,,X,X,,,X,,,,,,,,X,X,X,X,X
77W,1049,4,AISLE,,,Y,,,,,,,,,,,,,,,,,,,,,,,,
77W,1049,5,SEAT,48,D,Y,StandardPrimePlus,,,,,,,X,X,,,,,,,,,X,,X,X,X,X,X
77W,1049,6,SEAT,48,E,Y,StandardPrimePlus,,,,,,,,,X,,,,,,,,,X,X,X,X,X,X
77W,1049,7,SEAT,48,F,Y,StandardPrimePlus,,,,,,,,,X,,,,,,,,,X,X,X,X,X,X
77W,1049,8,SEAT,48,G,Y,StandardPrimePlus,,,,,,,X,X,,,,,,,,,X,,X,X,X,X,X
77W,1049,9,AISLE,,,Y,,,,,,,,,,,,,,,,,,,,,,,,
77W,1049,10,SEAT,48,J,Y,StandardPrimePlus,,,,,,,X,X,,,,,,X,,,,,X,X,X,X,X
77W,1049,11,SEAT,48,K,Y,StandardPrimePlus,,,,,,,,,X,,,,,,X,,,,X,X,X,X,X
77W,1049,12,SEAT,48,L,Y,StandardPrimePlus,,,,,,,,,,X,,,,,,X,,,X,X,X,X,X
77W,1050,1,SEAT,49,A,Y,StandardPrimePlus,,,,,,,,,,X,,,X,,,,,,X,X,X,X,X
77W,1050,2,SEAT,49,B,Y,StandardPrimePlus,,,,,,,,,X,,,X,,,,,,,X,X,X,X,X
77W,1050,3,SEAT,49,C,Y,StandardPrimePlus,,,,,,,X,X,,,X,,,,,,,,X,X,X,X,X
77W,1050,4,AISLE,,,Y,,,,,,,,,,,,,,,,,,,,,,,,
77W,1050,5,SEAT,49,D,Y,StandardPrimePlus,,,,,,,X,X,,,,,,,,,X,,X,X,X,X,X
77W,1050,6,SEAT,49,E,Y,StandardPrimePlus,,,,,,,,,X,,,,,,,,,X,X,X,X,X,X
77W,1050,7,SEAT,49,F,Y,StandardPrimePlus,,,,,,,,,X,,,,,,,,,X,X,X,X,X,X
77W,1050,8,SEAT,49,G,Y,StandardPrimePlus,,,,,,,X,X,,,,,,,,,X,,X,X,X,X,X
77W,1050,9,AISLE,,,Y,,,,,,,,,,,,,,,,,,,,,,,,
77W,1050,10,SEAT,49,J,Y,StandardPrimePlus,,,,,,,X,X,,,,,,X,,,,,X,X,X,X,X
77W,1050,11,SEAT,49,K,Y,StandardPrimePlus,,,,,,,,,X,,,,,,X,,,,X,X,X,X,X
77W,1050,12,SEAT,49,L,Y,StandardPrimePlus,,,,,,,,,,X,,,,,,X,,,X,X,X,X,X
77W,1051,1,SEAT,50,A,Y,StandardPrimePlus,,,,,,,,,,X,,,X,,,,,,X,X,X,X,X
77W,1051,2,SEAT,50,B,Y,StandardPrimePlus,,,,,,,,,X,,,X,,,,,,,X,X,X,X,X
77W,1051,3,SPACER,,,Y,,,,,,,,,,,,,,,,,,,,,,,,
77W,1051,4,AISLE,,,Y,,,,,,,,,,,,,,,,,,,,,,,,
77W,1051,5,SEAT,50,D,Y,StandardPrimePlus,,,,,,,X,X,,,,,,,,,X,,X,X,X,X,X
77W,1051,6,SEAT,50,E,Y,StandardPrimePlus,,,,,,,,,X,,,,,,,,,X,X,X,X,X,X
77W,1051,7,SEAT,50,F,Y,StandardPrimePlus,,,,,,,,,X,,,,,,,,,X,X,X,X,X,X
77W,1051,8,SEAT,50,G,Y,StandardPrimePlus,,,,,,,X,X,,,,,,,,,X,,X,X,X,X,X
77W,1051,9,AISLE,,,Y,,,,,,,,,,,,,,,,,,,,,,,,
77W,1051,10,SPACER,,,Y,,,,,,,,,,,,,,,,,,,,,,,,
77W,1051,11,SEAT,50,K,Y,StandardPrimePlus,,,,,,,,,X,,,,,,X,,,,X,X,X,X,X
77W,1051,12,SEAT,50,L,Y,StandardPrimePlus,,,,,,,,,,X,,,,,,X,,,X,X,X,X,X
77W,1052,1,SEAT,51,A,Y,StandardPrimePlus,,,,,,,,,,X,,,X,,,,,,X,X,X,X,X
77W,1052,2,SEAT,51,B,Y,StandardPrimePlus,,,,,,,,,X,,,X,,,,,,,X,X,X,X,X
77W,1052,3,SPACER,,,Y,,,,,,,,,,,,,,,,,,,,,,,,
77W,1052,4,AISLE,,,Y,,,,,,,,,,,,,,,,,,,,,,,,
77W,1052,5,SEAT,51,D,Y,StandardPrimePlus,,,,,,,X,X,,,,,,,,,X,,X,X,X,X,X
77W,1052,6,SEAT,51,E,Y,StandardPrimePlus,,,,,,,,,X,,,,,,,,,X,X,X,X,X,X
77W,1052,7,SEAT,51,F,Y,StandardPrimePlus,,,,,,,,,X,,,,,,,,,X,X,X,X,X,X
77W,1052,8,SEAT,51,G,Y,StandardPrimePlus,,,,,,,X,X,,,,,,,,,X,,X,X,X,X,X
77W,1052,9,AISLE,,,Y,,,,,,,,,,,,,,,,,,,,,,,,
77W,1052,10,SPACER,,,Y,,,,,,,,,,,,,,,,,,,,,,,,
77W,1052,11,SEAT,51,K,Y,StandardPrimePlus,,,,,,,,,X,,,,,,X,,,,X,X,X,X,X
77W,1052,12,SEAT,51,L,Y,StandardPrimePlus,,,,,,,,,,X,,,,,,X,,,X,X,X,X,X
77W,1053,1,LAV,,,Y,,,,,,,,,,,,,,,,,,,,,,,,
77W,1053,2,LAV,,,Y,,,,,,,,,,,,,,,,,,,,,,,,
77W,1053,3,LAV,,,Y,,,,,,,,,,,,,,,,,,,,,,,,
77W,1053,4,AISLE,,,Y,,,,,,,,,,,,,,,,,,,,,,,,
77W,1053,5,SEAT,52,D,Y,StandardPrimePlus,,,,,,,X,X,,,,,,,,,X,,X,X,X,X,X
77W,1053,6,SEAT,52,E,Y,StandardPrimePlus,,,,,,,,,X,,,,,,,,,X,X,X,X,X,X
77W,1053,7,SEAT,52,F,Y,StandardPrimePlus,,,,,,,,,X,,,,,,,,,X,X,X,X,X,X
77W,1053,8,SEAT,52,G,Y,StandardPrimePlus,,,,,,,X,X,,,,,,,,,X,,X,X,X,X,X
77W,1053,9,AISLE,,,Y,,,,,,,,,,,,,,,,,,,,,,,,
77W,1053,10,LAV,,,Y,,,,,,,,,,,,,,,,,,,,,,,,
77W,1053,11,LAV,,,Y,,,,,,,,,,,,,,,,,,,,,,,,
77W,1053,12,LAV,,,Y,,,,,,,,,,,,,,,,,,,,,,,,
77W,3000,1,EXIT,,,,,,,,,,,,,,,,,,,,,,,,,,,
77W,3000,2,EXIT,,,,,,,,,,,,,,,,,,,,,,,,,,,
77W,3000,3,EXIT,,,,,,,,,,,,,,,,,,,,,,,,,,,
77W,3000,4,AISLE,,,,,,,,,,,,,,,,,,,,,,,,,,,
77W,3000,5,GALLEY,,,,,,,,,,,,,,,,,,,,,,,,,,,
77W,3000,6,GALLEY,,,,,,,,,,,,,,,,,,,,,,,,,,,
77W,3000,7,GALLEY,,,,,,,,,,,,,,,,,,,,,,,,,,,
77W,3000,8,GALLEY,,,,,,,,,,,,,,,,,,,,,,,,,,,
77W,3000,9,AISLE,,,,,,,,,,,,,,,,,,,,,,,,,,,
77W,3000,10,EXIT,,,,,,,,,,,,,,,,,,,,,,,,,,,
77W,3000,11,EXIT,,,,,,,,,,,,,,,,,,,,,,,,,,,
77W,3000,12,EXIT,,,,,,,,,,,,,,,,,,,,,,,,,,,
77W,3001,1,GALLEY,,,,,,,,,,,,,,,,,,,,,,,,,,,
77W,3001,2,GALLEY,,,,,,,,,,,,,,,,,,,,,,,,,,,
77W,3001,3,AISLE,,,,,,,,,,,,,,,,,,,,,,,,,,,
77W,3001,4,SPACER,,,,,,,,,,,,,,,,,,,,,,,,,,,
77W,3001,5,SPACER,,,,,,,,,,,,,,,,,,,,,,,,,,,
77W,3001,6,SPACER,,,,,,,,,,,,,,,,,,,,,,,,,,,
77W,3001,7,SPACER,,,,,,,,,,,,,,,,,,,,,,,,,,,
77W,3001,8,SPACER,,,,,,,,,,,,,,,,,,,,,,,,,,,
77W,3001,9,AISLE,,,,,,,,,,,,,,,,,,,,,,,,,,,
77W,3001,10,GALLEY,,,,,,,,,,,,,,,,,,,,,,,,,,,
77W,3001,11,GALLEY,,,,,,,,,,,,,,,,,,,,,,,,,,,
77W,3001,12,GALLEY,,,,,,,,,,,,,,,,,,,,,,,,,,,
77W,3002,1,GALLEY,,,,,,,,,,,,,,,,,,,,,,,,,,,
77W,3002,2,GALLEY,,,,,,,,,,,,,,,,,,,,,,,,,,,
77W,3002,3,GALLEY,,,,,,,,,,,,,,,,,,,,,,,,,,,
77W,3002,4,GALLEY,,,,,,,,,,,,,,,,,,,,,,,,,,,
77W,3002,5,GALLEY,,,,,,,,,,,,,,,,,,,,,,,,,,,
77W,3002,6,GALLEY,,,,,,,,,,,,,,,,,,,,,,,,,,,
77W,3002,7,GALLEY,,,,,,,,,,,,,,,,,,,,,,,,,,,
77W,3002,8,GALLEY,,,,,,,,,,,,,,,,,,,,,,,,,,,
77W,3002,9,GALLEY,,,,,,,,,,,,,,,,,,,,,,,,,,,
77W,3002,10,GALLEY,,,,,,,,,,,,,,,,,,,,,,,,,,,
77W,3002,11,GALLEY,,,,,,,,,,,,,,,,,,,,,,,,,,,
77W,3002,12,GALLEY,,,,,,,,,,,,,,,,,,,,,,,,,,,
